"Symbol","SMILES","Name","PDB_code"
"A","C[C@H](N)C(=O)O","Alanine","ALA"
"C","N[C@@H](CS)C(=O)O","Cysteine","CYS"
"D","N[C@@H](CC(=O)O)C(=O)O","Aspartic acid","ASP"
"E","N[C@@H](CCC(=O)O)C(=O)O","Glutamic acid","GLU"
"F","N[C@@H](Cc1ccccc1)C(=O)O","Phenylalanine","PHE"
"G","NCC(=O)O","Glycine","GLY"
"H","N[C@@H](Cc1c[nH]cn1)C(=O)O","Histidine","HIS"
"I","CC[C@H](C)[C@H](N)C(=O)O","Isoleucine","ILE"
"K","NCCCC[C@H](N)C(=O)O","Lysine","LYS"
"L","CC(C)C[C@H](N)C(=O)O","Leucine","LEU"
"M","CSCC[C@H](N)C(=O)O","Methionine","MET"
"N","NC(=O)C[C@H](N)C(=O)O","Asparagine","ASN"
"P","O=C(O)[C@@H]1CCCN1","Proline","PRO"
"Q","NC(=O)CC[C@H](N)C(=O)O","Glutamine","GLN"
"R","N=C(N)NCCC[C@H](N)C(=O)O","Arginine","ARG"
"S","N[C@@H](CO)C(=O)O","Serine","SER"
"T","C[C@@H](O)[C@H](N)C(=O)O","Threonine","THR"
"V","CC(C)[C@H](N)C(=O)O","Valine","VAL"
"W","N[C@@H](Cc1c[nH]c2ccccc12)C(=O)O","Tryptophan","TRP"
"Y","N[C@@H](Cc1ccc(O)cc1)C(=O)O","Tyrosine","TYR"
"dA","C[C@@H](N)C(=O)O","D-Alanine","DA0"
"dC","N[C@H](CS)C(=O)O","D-Cysteine","DC6"
"dD","N[C@H](CC(=O)O)C(=O)O","D-Aspartic acid","DD0"
"dE","N[C@H](CCC(=O)O)C(=O)O","D-Glutamic acid","DEK"
"dF","N[C@H](Cc1ccccc1)C(=O)O","D-Phenylalanine","DBL"
"dH","N[C@H](Cc1c[nH]cn1)C(=O)O","D-Histidine","DHW"
"dI","CC[C@@H](C)[C@@H](N)C(=O)O","D-Isoleucine","DIJ"
"dK","NCCCC[C@@H](N)C(=O)O","D-Lysine","DKB"
"dL","CC(C)C[C@@H](N)C(=O)O","D-Leucine","DLO"
"dM","CSCC[C@@H](N)C(=O)O","D-Methionine","DB2"
"dN","NC(=O)C[C@@H](N)C(=O)O","D-Asparagine","DNI"
"dP","O=C(O)[C@H]1CCCN1","D-Proline","DPI"
"dQ","NC(=O)CC[C@@H](N)C(=O)O","D-Glutamine","DQC"
"dR","N=C(N)NCCC[C@@H](N)C(=O)O","D-Arginine","DC9"
"dS","N[C@H](CO)C(=O)O","D-Serine","DSW"
"dT","C[C@H](O)[C@@H](N)C(=O)O","D-Threonine","DE8"
"dV","CC(C)[C@@H](N)C(=O)O","D-Valine","DVB"
"dW","N[C@H](Cc1c[nH]c2ccccc12)C(=O)O","D-Tryptophan","DWI"
"dY","N[C@H](Cc1ccc(O)cc1)C(=O)O","D-Tyrosine","DYE"
"ac","CC(=O)O","N-Terminal acetic acid","ACE"
"am","N","C-Terminal amine","NH2"
"_Me","C","C-Terminal methyl","MEH"
"meA","CN[C@@H](C)C(=O)O","N-Methyl-Alanine","MBI"
"meD","CN[C@@H](CC(=O)O)C(=O)O","N-Methyl-Aspartic acid","MBJ"
"meS","CN[C@@H](CO)C(=O)O","N-Methyl-Serine","MBU"
"meT","CN[C@H](C(=O)O)[C@@H](C)O","N-Methyl-Threonine","MCC"
"meV","CN[C@H](C(=O)O)C(C)C","N-Methyl-Valine","MC6"
"meY","CN[C@@H](Cc1ccc(O)cc1)C(=O)O","N-Methyl-Tyrosine","MC7"
"meE","CN[C@@H](CCC(=O)O)C(=O)O","N-Methyl-Glutamic acid","MDI"
"meG","CNCC(=O)O","Sarcosine (N-Methyl-Glycine)","MDM"
"meI","CC[C@H](C)[C@H](NC)C(=O)O","N-Methyl-Isoleucine","MDT"
"meK","CN[C@@H](CCCCN)C(=O)O","N-Methyl-Lysine","MFF"
"meM","CN[C@@H](CCSC)C(=O)O","N-Methyl-Methionine","MFI"
"meN","CN[C@@H](CC(N)=O)C(=O)O","N-Methyl-Asparagine","MFL"
"meQ","CN[C@@H](CCC(N)=O)C(=O)O","N-Methyl-Glutamine","MFS"
"meC","CN[C@@H](CS)C(=O)O","N-Methyl-Cysteine","MF0"
"meR","CN[C@@H](CCCNC(=N)N)C(=O)O","N-Methyl-Arginine","MF6"
"meW","CN[C@@H](Cc1c[nH]c2ccccc12)C(=O)O","N-Methyl-Tryptophan","MF9"
"meF","CN[C@@H](Cc1ccccc1)C(=O)O","N-Methyl-Phenylalanine","MGU"
"meH","CN[C@@H](Cc1c[nH]cn1)C(=O)O","N-Methyl-Histidine","MG3"
"meL","CN[C@@H](CC(C)C)C(=O)O","N-Methyl-Leucine","MG4"
"Nle","CCCC[C@H](N)C(=O)O","Norleucine","NLF"
"Nva","CCC[C@H](N)C(=O)O","Norvaline","NVF"
"Orn","NCCC[C@H](N)C(=O)O","L-ornithine","ORF"
"Iva","CC[C@](C)(N)C(=O)O","Isovaline","6ZS"
"aIle","CC[C@@H](C)[C@H](N)C(=O)O","L-allo-Isoleucine","AID"
"gGlu","N[C@@H](CCC(=O)O)C(=O)O","Gamma glutamic acid","GGI"
"Hcy","N[C@@H](CCS)C(=O)O","Homocysteine","HCB"
"Hse","N[C@@H](CCO)C(=O)O","Homoserine","HSB"
"Hyp","O=C(O)[C@@H]1C[C@@H](O)CN1","4-Hydroxyproline","HYJ"
"D_gGlu","N[C@H](CCC(=O)O)C(=O)O","D-Gamma glutamic acid","DGE"
"D_Nle","CCCC[C@@H](N)C(=O)O","D-Norleucine","DNU"
"D_hPhe","N[C@H](CCc1ccccc1)C(=O)O","D-Homophenylalanine","DHX"
"D_Hyp","O=C(O)[C@H]1C[C@H](O)CN1","D-4-Hydroxyproline","DH0"
"D_Nva","CCC[C@@H](N)C(=O)O","D-Norvaline","DGK"
"D_Orn","NCCC[C@@H](N)C(=O)O","D-Ornithine","DOU"
"Pyr","O=C1CC[C@@H](C(=O)O)N1","Pyroglutamic acid","PYK"
"D_Pyr","O=C1CC[C@H](C(=O)O)N1","D-Pyroglutamic acid","DG5"
"Phe_3Cl","N[C@@H](Cc1cccc(Cl)c1)C(=O)O","3-Chloro-L-phenylalanine","PAA"
"Phe_4Cl","N[C@@H](Cc1ccc(Cl)cc1)C(=O)O","4-Chloro-L-phenylalanine","PBJ"
"Phe_4NH2","Nc1ccc(C[C@H](N)C(=O)O)cc1","p-Aminophenylalanine","PD0"
"Phg","N[C@H](C(=O)O)c1ccccc1","2-Phenylglycine","PEN"
"Ser_tBu","CC(C)(C)OC[C@H](N)C(=O)O","O-tert-Butyl-L-serine","SED"
"Tyr_Bn","N[C@@H](Cc1ccc(OCc2ccccc2)cc1)C(=O)O","O-Benzyl-L-tyrosine","TYH"
"Tza","N[C@@H](Cc1cscn1)C(=O)O","3-Thiazolylalanine","TZI"
"1Nal","N[C@@H](Cc1cccc2ccccc12)C(=O)O","3-(1-naphthyl)-alanine","1NC"
"Cha","N[C@@H](CC1CCCCC1)C(=O)O","3-Cyclohexylalanine","CHE"
"Lys_Boc","CC(C)(C)OC(=O)NCCCC[C@H](N)C(=O)O","N-epsilon-tert-Boc-L-lysine","LYI"
"aThr","C[C@H](O)[C@H](N)C(=O)O","L-allo-Threonine","ATB"
"D_2Nal","N[C@H](Cc1ccc2ccccc2c1)C(=O)O","D-3-naphthylalanine","D2I"
"D_2Thi","N[C@H](Cc1cccs1)C(=O)O","D-3-thienylalanine","DJA"
"D_aHyp","O=C(O)[C@H]1C[C@@H](O)CN1","D-allo-4-hydroxyproline","DJG"
"D_aIle","CC[C@H](C)[C@@H](N)C(=O)O","D-allo-Isoleucine","DJI"
"D_Phg","N[C@@H](C(=O)O)c1ccccc1","D-2-phenylglycine","DJ5"
"D_Ser_tBu","CC(C)(C)OC[C@@H](N)C(=O)O","O-tert-Butyl-D-serine","DJ7"
"Cya","N[C@@H](CS(=O)(=O)O)C(=O)O","3-Sulfoalanine","CY2"
"Lys_Me3","C[N+](C)(C)CCCC[C@H](N)C(=O)O","Epsilon-N-trimethyllysine","LYY"
"Pen","CC(C)(S)[C@H](N)C(=O)O","Penicillamine (3-mercaptovaline)","PES"
"Phe_4Me","Cc1ccc(C[C@H](N)C(=O)O)cc1","p-Methylphenylalanine","PGB"
"Ser_Bn","N[C@@H](COCc1ccccc1)C(=O)O","O-Benzyl-L-serine","SEQ"
"Tyr_tBu","CC(C)(C)Oc1ccc(C[C@H](N)C(=O)O)cc1","O-tert-Butyl-L-tyrosine","TYK"
"2Nal","N[C@@H](Cc1ccc2ccccc2c1)C(=O)O","3-Naphthylalanine","2NN"
"Thi","N[C@@H](Cc1cccs1)C(=O)O","3-thienylalanine","TAI"
"aHyp","O=C(O)[C@@H]1C[C@H](O)CN1","L-allo-4-hydroxyproline","AHJ"
"Ala_tBu","CC(C)(C)[C@H](N)C(=O)O","3-Methylvaline","AAJ"
"hPhe","N[C@@H](CCc1ccccc1)C(=O)O","Homophenylalanine","HP9"
"D_1Nal","N[C@H](Cc1cccc2ccccc12)C(=O)O","D-3-(1-naphthyl)-alanine","D1E"
"D_aThr","C[C@@H](O)[C@@H](N)C(=O)O","D-allo-Threonine","DKC"
"D_Cha","N[C@H](CC1CCCCC1)C(=O)O","D-2-Amino-3-cyclohexyl-propionic acid","DLQ"
"D_Pen","CC(C)(S)[C@@H](N)C(=O)O","D-penicillamine (3-mercaptovaline)","DLV"
"D_Phe_4Cl","N[C@H](Cc1ccc(Cl)cc1)C(=O)O","4-Chloro-D-phenylalanine","DO0"
"D_Ser_Bn","N[C@H](COCc1ccccc1)C(=O)O","O-Benzyl-D-serine","DO7"
"Wil","N[C@@H](Cn1ccc(=O)[nH]c1=O)C(=O)O","Alpha-amino-2,4-dioxopyrimidinepropanoic acid","WIL"
"MsO","CS(=O)(=O)O","Mesylate","MSV"
"Oic_3aS_7aS","O=C(O)[C@@H]1C[C@@H]2CCCC[C@@H]2N1","Perhydroindolic acid","OIB"
"Pip","O=C(O)[C@@H]1CCCCN1","Pipecolic acid","PIJ"
"3Pal","N[C@@H](Cc1cccnc1)C(=O)O","3-(2-pyridyl)-alanine","3PN"
"4Pal","N[C@@H](Cc1ccncc1)C(=O)O","3-(4-Pyridyl)-alanine","4PM"
"Abu","CC[C@H](N)C(=O)O","2-Aminobutanoic acid","ABC"
"Apm","N[C@@H](CCCCC(=O)O)C(=O)O","2-Aminopimelic acid","AAW"
"Chg","N[C@H](C(=O)O)C1CCCCC1","Alpha-cyclohexylglycine","CHY"
"Dab","NCC[C@H](N)C(=O)O","2,4-diaminobutanoic acid","DQE"
"Dap","NC[C@H](N)C(=O)O","2,3-diaminopropanoic acid","DQI"
"D_3Pal","N[C@H](Cc1cccnc1)C(=O)O","D-3-(2-pyridyl)-alanine","D3I"
"D_aMeAbu","CC[C@@](C)(N)C(=O)O","D-Isovaline","DQ4"
"D_Chg","N[C@@H](C(=O)O)C1CCCCC1","D-Alpha-cyclohexylglycine","DUF"
"D_Cit","NC(=O)NCCC[C@@H](N)C(=O)O","D-Citrullin","DUI"
"D_Dab","NCC[C@@H](N)C(=O)O","D-2,4-diaminobutanoic acid","DUJ"
"D_Pip","O=C(O)[C@H]1CCCCN1","D-Pipecolic acid","DUM"
"D_Tic","O=C(O)[C@H]1Cc2ccccc2CN1","D-1,2,3,4-tetrahydro-3-isoquinolinecarboxylic acid","DVF"
"Aca","CCCCCCCC[C@H](N)C(=O)O","2-Aminocapric acid","AC3"
"Tic","O=C(O)[C@@H]1Cc2ccccc2CN1","1,2,3,4-tetrahydro-3-isoquinolinecarboxylic acid","TIE"
"Aad","N[C@@H](CCCC(=O)O)C(=O)O","2-Aminoadipic acid","AD0"
"Cit","NC(=O)NCCC[C@H](N)C(=O)O","Citrullin","CIF"
"Aze","O=C(O)[C@@H]1CCN1","2-Carboxyazetidine","AEB"
"Ac5c","NC1(C(=O)O)CCCC1","1-Amino-1-carboxycyclopentane","AEC"
"Aib","CC(C)(N)C(=O)O","Alpha-aminoisobutyric acid (2-aminoalanine)","AIB"
"D_2Pal","N[C@H](Cc1ccccn1)C(=O)O","D-3-(2-Pyridyl)-alanine","DVI"
"D_Abu","CC[C@@H](N)C(=O)O","D-2-aminobutanoic acid","DVO"
"D_Dap","NC[C@@H](N)C(=O)O","D-2,3-diaminopropanoic acid","DVS"
"Asu","N[C@@H](CCCCCC(=O)O)C(=O)O","2-Aminosuberic acid","AS5"
"Cbz","O=C(O)OCc1ccccc1","Carboxybenzyl","CBS"
"_Et","CC","C-Terminal ethyl","ETJ"
"NHEt","CCN","Ethanamine","NHA"
"OEt","CCO","Ethanol","OEI"
"_OMe","CO","C-Terminal methanol","OML"
"OtBu","CC(C)(C)O","O-tert-Butyl","OTI"
"Tos","Cc1ccc(S(=O)(=O)O)cc1","Tosyl","TOO"
"D_Thz","O=C(O)[C@H]1CSCN1","(4S)-1,3-thiazolidine-4-carboxylic acid","DVT"
"fmoc","O=C(O)OCC1c2ccccc2-c2ccccc21","Fluorenylmethoxycarbonyl","FM3"
"Mpa","C[C@H](S)C(=O)O","(S)-2-Mercaptopropanoic acid","MPF"
"Bua","CCCC(=O)O","Butanoic acid","BUS"
"Glc","O=C(O)CO","Glycolic acid","GAY"
"deamino_Cys","O=C(O)CCS","Deamino-Cysteine","DVU"
"deamino_Dab","NCCCC(=O)O","4-aminobutanoic acid","DVV"
"deamino_Gly_CN","N#CCC(=O)O","2-cyanoacetic acid","DVY"
"deamino_Gly_cPent","O=C(O)CC1CCCC1","2-cyclopentylacetic acid","DWL"
"deamino_Gly_OH","O=C(O)CO","2-hydroxyacetic acid","DWO"
"deamino_Gly_thien2yl","O=C(O)Cc1cccs1","2-(thiophen-2-yl)acetic acid","DWR"
"D_Trp_For","N[C@H](Cc1cn(C=O)c2ccccc12)C(=O)O","(2R)-2-amino-3-(1-formyl-1H-indol-3-yl)propanoic acid","DWU"
"deamino_Ncy","O=C(O)CS","2-sulfanylacetic acid","DW6"
"deamino_Phe","O=C(O)C(O)Cc1ccccc1","Deamino-Phenylalanine","DXI"
"deamino_Phg_35diMe","Cc1cc(C)cc(CC(=O)O)c1","2-(3,5-dimethylphenyl)acetic acid","DYI"
"deamino_Leu","CC(C)CCC(=O)O","Deamino-Leucine","DYO"
"D_OAla","C[C@@H](O)C(=O)O","(2R)-2-hydroxypropanoic acid","DYQ"
"L_OAla","C[C@H](O)C(=O)O","(2S)-2-hydroxypropanoic acid","LOO"
"L_OVal","CC(C)[C@H](O)C(=O)O","(2S)-2-hydroxy-3-methylbutanoic acid","LO0"
"NHBn_","ONCc1ccccc1","N-Terminal 1-phenylmethanamine","NHZ"
"Bz","O=C(O)c1ccccc1","Benzaldehyde","BZL"
"Et_","CCO","N-Terminal ethyl","ETL"
"Me_","CO","N-Terminal methyl","MG6"
"D_Tyr_Et","CCOc1ccc(C[C@@H](N)C(=O)O)cc1","(2R)-2-amino-3-(4-ethoxyphenyl)propanoic acid","DY0"
"Lys_Ac","CC(=O)NCCCC[C@H](N)C(=O)O","(2S)-2-amino-6-acetamidohexanoic acid","LY6"
"OMe_","COO","N-Terminal methanol","OMQ"
"Asp_OMe","COC(=O)C[C@H](N)C(=O)O","(2S)-2-amino-4-methoxy-4-oxobutanoic acid","AGZ"
"NMe23Abz","CN(C)c1cccc(C(=O)O)c1","3-(dimethylamino)benzoic acid","NMV"
"Phe_ab_dehydro","N=C(Cc1ccccc1)C(=O)O","2-amino-3-phenylprop-2-enoic acid","PJF"
"Sta_3xi4xi","CC(C)CC(N)C(O)CC(=O)O","4-amino-3-hydroxy-6-methylheptanoic acid","ST0"
"Tyr_ab_dehydroMe","COc1ccc(C=C(N)C(=O)O)cc1","2-amino-3-(4-methoxyphenyl)prop-2-enoic acid","TY6"
"App","N[C@@H](Cc1ccccc1)[C@H](O)CC(=O)O","gamma-amino-beta-hydroxybenzenepentanoic acid","AHV"
"Cap","N[C@@H](CCC1CCCCC1)[C@@H](O)C(=O)O","(2R,3S)-3-amino-5-cyclohexyl-2-hydroxypentanoic acid","CCF"
"Cys_SEt","CCSSC[C@H](N)C(=O)O","(2R)-2-amino-3-(ethyldisulfanyl)propanoic acid","CY5"
"Dsu","NC(CCCC[C@H](N)C(=O)O)C(=O)O","2,7-Diaminosuberic acid","DZQ"
"pnC","NCCN(CC(=O)O)C(=O)Cn1ccc(N)nc1=O","PNA Cytosine","PN9"
"pnG","NCCN(CC(=O)O)C(=O)Cn1cnc2c(=O)[nH]c(N)nc21","PNA Guanine","PJI"
"Pqa","O=C(O)Cn1ccc2ccc(N3CCNCC3)cc2c1=O","2-[1-oxo-7-(piperazin-1-yl)-1,2-dihydroisoquinolin-2-yl]acetic acid","PQF"
"Pro_4Me3OH","CC1CN[C@H](C(=O)O)C1O","(2S)-3-hydroxy-4-methylpyrrolidine-2-carboxylic acid","PRG"
"D_Ala_ol","NC(CO)CO","(2R)-2-aminopropan-1-ol","D0D"
"D_Phg_ol","NC(CO)c1ccccc1","2-amino-2-methylpropan-1-ol","D0I"
"D_Thr_ol","C[C@@H](O)[C@H](N)CO","(2R,3R)-2-aminobutane-1,3-diol","D06"
"Gly_ol","NCO","aminomethanol","GA1"
"Ala_ol","C[C@H](N)CO","(2S)-2-aminopropan-1-ol","AH5"
"Lys_ol","NCCCC[C@H](N)CO","(2S)-2,6-diaminohexan-1-ol","LAW"
"Phg_ol","N[C@H](CO)c1ccccc1","(2S)-2-amino-2-phenylethan-1-ol","PJN"
"Pro_ol","OC[C@@H]1CCCN1","[(2S)-pyrrolidin-2-yl]methanol","PJO"
"Val_ol","CC(C)[C@H](N)CO","(2S)-2-amino-3-methylbutan-1-ol","VAG"
"Ala_al","C[C@H](N)C=O","(2S)-2-aminopropanal","AIE"
"Arg_al","N=C(N)NCCC[C@H](N)C=O","N''-[(4S)-4-amino-5-oxopentyl]guanidine","ARY"
"Asp_al","N[C@H](C=O)CC(=O)O","(3S)-3-amino-4-oxobutanoic acid","AII"
"Lys_al","NCCCC[C@H](N)C=O","(2S)-2,6-diaminohexanal","LA0"
"Pro_al","O=C[C@@H]1CCCN1","(2S)-pyrrolidine-2-carbaldehyde","PJR"
"_NHBn","NCc1ccccc1","C-Terminal 1-phenylmethanamine","NH0"
"NHMe","CN","Methanamine","NB0"
"Met_O2","CS(=O)(=O)CC[C@H](N)C(=O)O","(2S)-2-amino-4-methanesulfonylbutanoic acid","MHJ"
"Phe_2Me","Cc1ccccc1C[C@H](N)C(=O)O","(2S)-2-amino-3-(2-methylphenyl)propanoic acid","PJU"
"Phe_34diCl","N[C@@H](Cc1ccc(Cl)c(Cl)c1)C(=O)O","(2S)-2-amino-3-(3,4-dichlorophenyl)propanoic acid","PJX"
"Phe_4Br","N[C@@H](Cc1ccc(Br)cc1)C(=O)O","(2S)-2-amino-3-(4-bromophenyl)propanoic acid","PJ0"
"Phe_4I","N[C@@H](Cc1ccc(I)cc1)C(=O)O","(2S)-2-amino-3-(4-iodophenyl)propanoic acid","PJ3"
"Phe_4Sdihydroorotamido","N[C@@H](Cc1ccc(NC(=O)[C@@H]2CC(=O)NC(=O)N2)cc1)C(=O)O","(2S)-2-amino-3-{4-[(4S)-2,6-dioxo-1,3-diazinane-4-amido]phenyl}propanoic acid","PJ6"
"Pyl","C[C@@H]1CC=N[C@H]1C(=O)NCCCC[C@H](N)C(=O)O","Pyrrolysine","PJ9"
"Ser_PO3H2","N[C@@H](COP(=O)(O)O)C(=O)O","(2S)-2-amino-3-(phosphonooxy)propanoic acid","SEW"
"Thr_PO3H2","C[C@@H](OP(=O)(O)O)[C@H](N)C(=O)O","(2S,3R)-2-amino-3-(phosphonooxy)butanoic acid","TBW"
"Thz","O=C(O)[C@@H]1CSCN1","(4R)-1,3-thiazolidine-4-carboxylic acid","TB3"
"Trp_Me","Cn1cc(C[C@H](N)C(=O)O)c2ccccc21","(2S)-2-amino-3-(1-methyl-1H-indol-3-yl)propanoic acid","TB4"
"Tyr_26diMe","Cc1cc(O)cc(C)c1C[C@H](N)C(=O)O","(2S)-2-amino-3-(4-hydroxy-2,6-dimethylphenyl)propanoic acid","TY7"
"Tyr_3I","N[C@@H](Cc1ccc(O)c(I)c1)C(=O)O","(2S)-2-amino-3-(4-hydroxy-3-iodophenyl)propanoic acid","TCS"
"Tyr_3NO2","N[C@@H](Cc1ccc(O)c([N+](=O)[O-])c1)C(=O)O","(2S)-2-amino-3-(4-hydroxy-3-nitrophenyl)propanoic acid","TDQ"
"Tyr_Ph4OH","N[C@@H](Cc1ccc(Oc2ccc(O)cc2)cc1)C(=O)O","(2S)-2-amino-3-[4-(4-hydroxyphenoxy)phenyl]propanoic acid","TD0"
"Tyr_SO3H","N[C@@H](Cc1ccc(OS(=O)(=O)O)cc1)C(=O)O","(2S)-2-amino-3-[4-(sulfooxy)phenyl]propanoic acid","TEW"
"Val_3OH","CC(C)(O)[C@H](N)C(=O)O","(2S)-2-amino-3-hydroxy-3-methylbutanoic acid","VAM"
"xiIle","CCC(C)[C@H](N)C(=O)O","(2S)-2-amino-3-methylpentanoic acid","XII"
"NMe2Abz","CNc1ccccc1C(=O)O","2-(methylamino)benzoic acid","NM0"
"NMebAla","CNCCC(=O)O","3-(methylamino)propanoic acid","NM5"
"aMePhe","C[C@](N)(Cc1ccccc1)C(=O)O","(2S)-2-amino-2-methyl-3-phenylpropanoic acid","AMK"
"aMePro","C[C@@]1(C(=O)O)CCCN1","(2S)-2-methylpyrrolidine-2-carboxylic acid","AIP"
"aMeTyr_3OH","C[C@](N)(Cc1ccc(O)c(O)c1)C(=O)O","(2S)-2-amino-3-(3,4-dihydroxyphenyl)-2-methylpropanoic acid","AIY"
"Bmt","CC=CC[C@@H](C)[C@@H](O)[C@H](N)C(=O)O","(2S,3R,4R)-2-amino-3-hydroxy-4-methyloct-6-enoic acid","BMY"
"Bmt_E","CC=CC[C@@H](C)[C@@H](O)[C@H](N)C(=O)O","(2S,3R,4R,6E)-2-amino-3-hydroxy-4-methyloct-6-enoic acid","BAD"
"Cys_Bn","N[C@@H](CSCc1ccccc1)C(=O)O","(2R)-2-amino-3-(benzylsulfanyl)propanoic acid","CCG"
"Gla","N[C@H](C=O)CC(C(=O)O)C(=O)O","Carboxyglutamic acid","GBB"
"hHis","N[C@@H](CCc1c[nH]cn1)C(=O)O","(2S)-2-amino-4-(1H-imidazol-4-yl)butanoic acid","HHU"
"His_1Me","Cn1cnc(C[C@H](N)C(=O)O)c1","(2S)-2-amino-3-(1-methyl-1H-imidazol-4-yl)propanoic acid","HIH"
"Gly_allyl","C=CC[C@H](N)C(=O)O","(2S)-2-aminopent-4-enoic acid","GBY"
"Gly_cPr","N[C@H](C(=O)O)C1CC1","(2S)-2-amino-2-cyclopropylacetic acid","GCI"
"Hsl","N[C@H]1CCOC1=O","(3S)-3-aminooxolan-2-one","HSN"
"Asp_Ph2NH2","Nc1ccccc1C(=O)C[C@H](N)C(=O)O","(2S)-2-amino-4-(2-aminophenyl)-4-oxobutanoic acid","AI0"
"Azi","O=C(O)[C@@H]1CN1","(2S)-aziridine-2-carboxylic acid","AI4"
"2Abz","Nc1ccccc1C(=O)O","2-Aminobenzoic acid","2CI"
"3Abz","Nc1cccc(C(=O)O)c1","3-Aminobenzoic acid","3B7"
"4Abz","Nc1ccc(C(=O)O)cc1","4-Aminobenzoic acid","4AI"
"Ac3c","NC1(C(=O)O)CC1","1-aminocyclopropane-1-carboxylic acid","AI6"
"Ac6c","NC1(C(=O)O)CCCCC1","1-aminocyclohexane-1-carboxylic acid","AJC"
"bAla","NCCC(=O)O","3-aminopropanoic acid","BBD"
"D_Bmt","CC=CC[C@H](C)[C@H](O)[C@@H](N)C(=O)O","(2R,3S,4S)-2-amino-3-hydroxy-4-methyloct-6-enoic acid","D1O"
"D_Bmt_E","CC=CC[C@H](C)[C@H](O)[C@@H](N)C(=O)O","(2R,3S,4S,6E)-2-amino-3-hydroxy-4-methyloct-6-enoic acid","D4C"
"D_hArg","N=C(N)NCCCC[C@@H](N)C(=O)O","(2R)-2-amino-6-[(diaminomethylidene)amino]hexanoic acid","D4E"
"D_Phe_4F","N[C@H](Cc1ccc(F)cc1)C(=O)O","(2R)-2-amino-3-(4-fluorophenyl)propanoic acid","D5A"
"D_Trp_2Me","Cc1[nH]c2ccccc2c1C[C@@H](N)C(=O)O","(2R)-2-amino-3-(2-methyl-1H-indol-3-yl)propanoic acid","D5D"
"D_Tyr_3OH","N[C@H](Cc1ccc(O)c(O)c1)C(=O)O","(2R)-2-amino-3-(3,4-dihydroxyphenyl)propanoic acid","D5J"
"D_Tyr_Me","COc1ccc(C[C@@H](N)C(=O)O)cc1","(2R)-2-amino-3-(4-methoxyphenyl)propanoic acid","D5K"
"D_xiIle","CCC(C)[C@@H](N)C(=O)O","(2R)-2-amino-3-methylpentanoic acid","D5L"
"Lys_iPr","CC(C)NCCCC[C@H](N)C(=O)O","(2S)-2-amino-6-[(propan-2-yl)amino]hexanoic acid","LA5"
"_Bn","Cc1ccccc1","C-Terminal toluene","BN0"
"_OBn","OCc1ccccc1","C-Terminal phenylmethanol","OBJ"
"Ph","c1ccccc1","Phenyl","PKH"
"Boc","CC(C)(C)OC(=O)O","Tert-butyloxycarbonyl","BOK"
"Mba","CC[C@H](S)C(=O)O","Mercaptobutanoic acid","MHP"
"Hva","CCC[C@H](O)C(=O)O","2-Hydroxypentanoic acid","HVC"
"deamino_Chg","O=C(O)CC1CCCCC1","2-cyclohexylacetic acid","D5P"
"deamino_Dip","O=C(O)CC(c1ccccc1)c1ccccc1","3,3-diphenylpropanoic acid","D5R"
"deamino_Gly_tBu","CC(C)(C)CC(=O)O","3,3-dimethylbutanoic acid","D5S"
"deamino_hPhe","O=C(O)CCCc1ccccc1","4-phenylbutanoic acid","D6B"
"deamino_nTyr_Me","COc1ccc(CC(=O)O)cc1","2-(4-methoxyphenyl)acetic acid","D6H"
"deamino_Phg_4Cl","O=C(O)Cc1ccc(Cl)cc1","2-(4-chlorophenyl)acetic acid","D6L"
"D_OVal","CC(C)[C@@H](O)C(=O)O","(2R)-2-hydroxy-3-methylbutanoic acid","D7O"
"OLeu","CC(C)C[C@H](O)C(=O)O","(2S)-2-hydroxy-4-methylpentanoic acid","OLG"
"Bn_","OCc1ccccc1","N-Terminal toluene","BN8"
"OBn_","OOCc1ccccc1","N-Terminal phenylmethanol","OBK"
"deamino_Lys","NCCCCC(O)C(=O)O","Deamino-Lysine","D8O"
"NMe24Abz","CN(C)c1ccc(C(=O)O)cc1","4-(dimethylamino)benzoic acid","NB3"
"Phe_ab_dehydro_3NO2","NC(=Cc1cccc([N+](=O)[O-])c1)C(=O)O","2-amino-3-(3-nitrophenyl)prop-2-enoic acid","PKI"
"Sta_3S4S","CC(C)C[C@H](N)[C@@H](O)CC(=O)O","(3S,4S)-4-amino-3-hydroxy-6-methylheptanoic acid","SA4"
"Bux","NC[C@@H](O)CC(=O)O","(3S)-4-amino-3-hydroxybutanoic acid","BUZ"
"Dpm","NC(N)(CCCCC(=O)O)C(=O)O","Diaminopimelic acid","D8R"
"pnA","NCCN(CC(=O)O)C(=O)Cn1cnc2c(N)ncnc21","PNA Adenine","PKK"
"pnT","Cc1cn(CC(=O)N(CCN)CC(=O)O)c(=O)[nH]c1=O","PNA Thymine","PKN"
"seC","N[C@@H](C[SeH])C(=O)O","SelenoCysteine","SEX"
"Aib_ol","CC(C)(N)CO","2-amino-2-methylpropan-1-ol","AJF"
"D_Pro_ol","OC[C@H]1CCCN1","[(2R)-pyrrolidin-2-yl]methanol","D85"
"Leu_ol","CC(C)C[C@H](N)CO","(2S)-2-amino-4-methylpentan-1-ol","LE0"
"Phe_ol","N[C@H](CO)Cc1ccccc1","(2S)-2-amino-3-phenylpropan-1-ol","PKO"
"Thr_ol","C[C@H](O)[C@@H](N)CO","(2S,3S)-2-aminobutane-1,3-diol","TE0"
"Gly_al","NCC=O","2-aminoacetaldehyde","GCJ"
"Leu_al","CC(C)C[C@H](N)C=O","(2S)-2-amino-4-methylpentanal","LE5"
"Phe_al","N[C@H](C=O)Cc1ccccc1","(2S)-2-amino-3-phenylpropanal","PKQ"
"L_hArg(Et,Et)","CCN=C(NCC)NCCCC[C@H](N)C(=O)O","(2S)-2-amino-6-{[bis(ethylamino)methylidene]amino}hexanoic acid","LHI"
"Met_O","C[S+]([O-])CC[C@H](N)C(=O)O","(2S)-2-amino-4-methanesulfinylbutanoic acid","MHX"
"nTyr","N[C@H](C(=O)O)c1ccc(O)cc1","(2S)-2-amino-2-(4-hydroxyphenyl)acetic acid","NT0"
"Oic_3aR_7aS","O=C(O)[C@@H]1C[C@H]2CCCC[C@@H]2N1","(2S,3aR,7aS)-octahydro-1H-indole-2-carboxylic acid","OIE"
"Oic_3axi_7axi","O=C(O)[C@@H]1CC2CCCCC2N1","(2S)-octahydro-1H-indole-2-carboxylic acid","OIF"
"Phe_2F","N[C@@H](Cc1ccccc1F)C(=O)O","(2S)-2-amino-3-(2-fluorophenyl)propanoic acid","PKW"
"Phe_3F","N[C@@H](Cc1cccc(F)c1)C(=O)O","(2S)-2-amino-3-(3-fluorophenyl)propanoic acid","PKX"
"Phe_4F","N[C@@H](Cc1ccc(F)cc1)C(=O)O","(2S)-2-amino-3-(4-fluorophenyl)propanoic acid","PLN"
"Phe_4NO2","N[C@@H](Cc1ccc([N+](=O)[O-])cc1)C(=O)O","(2S)-2-amino-3-(4-nitrophenyl)propanoic acid","POE"
"Phe_bbdiMe","CC(C)(c1ccccc1)[C@H](N)C(=O)O","(2S)-2-amino-3-methyl-3-phenylbutanoic acid","PPA"
"Trp_5OH","N[C@@H](Cc1c[nH]c2ccc(O)cc12)C(=O)O","(2S)-2-amino-3-(5-hydroxy-1H-indol-3-yl)propanoic acid","TE3"
"Trp_Ome","COn1cc(C[C@H](N)C(=O)O)c2ccccc21","(2S)-2-amino-3-(1-methoxy-1H-indol-3-yl)propanoic acid","TE9"
"Tyr_35diI","N[C@@H](Cc1cc(I)c(O)c(I)c1)C(=O)O","(2S)-2-amino-3-(4-hydroxy-3,5-diiodophenyl)propanoic acid","TFW"
"Tyr_3OH","N[C@@H](Cc1ccc(O)c(O)c1)C(=O)O","(2S)-2-amino-3-(3,4-dihydroxyphenyl)propanoic acid","TF9"
"Tyr_Me","COc1ccc(C[C@H](N)C(=O)O)cc1","(2S)-2-amino-3-(4-methoxyphenyl)propanoic acid","TGI"
"Tyr_PO3H2","N[C@@H](Cc1ccc(OP(=O)(O)O)cc1)C(=O)O","(2S)-2-amino-3-[4-(phosphonooxy)phenyl]propanoic acid","TGO"
"xiHyp","O=C(O)[C@@H]1CC(O)CN1","(2S)-4-hydroxypyrrolidine-2-carboxylic acid","XIB"
"xiThr","CC(O)[C@H](N)C(=O)O","(2S)-2-amino-3-hydroxybutanoic acid","XIT"
"NMe4Abz","CNc1ccc(C(=O)O)cc1","4-(methylamino)benzoic acid","NB6"
"aMeTyr","C[C@](N)(Cc1ccc(O)cc1)C(=O)O","(2S)-2-amino-3-(4-hydroxyphenyl)-2-methylpropanoic acid","AJO"
"Aoda","CCC(=O)CCCCC[C@H](N)C(=O)O","(2S)-2-amino-8-oxodecanoic acid","AO0"
"Bpa","N[C@@H](Cc1ccc(C(=O)c2ccccc2)cc1)C(=O)O","(2S)-2-amino-3-(4-benzoylphenyl)propanoic acid","BBG"
"Cys_Me","CSC[C@H](N)C(=O)O","(2R)-2-amino-3-(methylsulfanyl)propanoic acid","CCJ"
"Dip","N[C@H](C(=O)O)C(c1ccccc1)c1ccccc1","(2S)-2-amino-3,3-diphenylpropanoic acid","D9E"
"hArg","NC(N)NCCCC[C@H](N)C(=O)O","(2S)-2-amino-6-[(diaminomethyl)amino]hexanoic acid","HA4"
"His_1Bn","N[C@@H](Cc1cn(Cc2ccccc2)cn1)C(=O)O","(2S)-2-amino-3-(1-benzyl-1H-imidazol-4-yl)propanoic acid","HIJ"
"His_3Me","Cn1cncc1C[C@H](N)C(=O)O","(2S)-2-amino-3-(1-methyl-1H-imidazol-5-yl)propanoic acid","HIL"
"Hyl_5xi","NCC(O)CC[C@H](N)C(=O)O","(2S)-2,6-diamino-5-hydroxyhexanoic acid","HYL"
"Bip","N[C@@H](Cc1ccc(-c2ccccc2)cc1)C(=O)O","(2S)-2-amino-3-{[1,1'-biphenyl]-4-yl}propanoic acid","BI0"
"Abu_23dehydro","CCC(=N)C(=O)O","2-aminobut-2-enoic acid","AJS"
"D_Dip","N[C@@H](C(=O)O)C(c1ccccc1)c1ccccc1","(2R)-2-amino-3,3-diphenylpropanoic acid","D9I"
"Dha","CC(=N)C(=O)O","2-aminoprop-2-enoic acid","D9J"
"D_hArg_Et2","CCN=C(NCC)NCCCC[C@@H](N)C(=O)O","(2R)-2-amino-6-{[bis(ethylamino)methylidene]amino}hexanoic acid","D9R"
"D_Met_S_O","C[S@+]([O-])CC[C@@H](N)C(=O)O","(2R)-2-amino-4-[(S)-methanesulfinyl]butanoic acid","D9X"
"D_His_1Bn","N[C@H](Cc1cn(Cc2ccccc2)cn1)C(=O)O","(2R)-2-amino-3-(1-benzyl-1H-imidazol-4-yl)propanoic acid","AJT"
"D_nTyr","N[C@@H](C(=O)O)c1ccc(O)cc1","(2R)-2-amino-2-(4-hydroxyphenyl)acetic acid","AJW"
"D_Phe_4ureido","NC(=O)Nc1ccc(C[C@@H](N)C(=O)O)cc1","(2R)-2-amino-3-[4-(carbamoylamino)phenyl]propanoic acid","AJ0"
